nutrient,frequency,coherence_factor,recommended_ratio,vector_x,vector_y,vector_z,description
protein,432.0,0.8,0.25,1,0,0,building_blocks_structural
carbohydrates,528.0,0.7,0.45,0,1,0,energy_source_primary
fats,396.0,0.75,0.30,0,0,1,energy_storage_hormones
vitamins,741.0,0.9,0.05,1,1,0,catalysts_regulation
minerals,639.0,0.85,0.05,0,1,1,structure_function
water,528.0,1.0,0.60,1,1,1,life_force_medium
fiber,417.0,0.8,0.10,1,0,1,digestive_health
antioxidants,852.0,0.95,0.02,1,1,1,cellular_protection
enzymes,963.0,0.92,0.01,1,1,0,metabolic_catalysts
